network,district_id,point_id,ring_km,direction,requested_latitude,requested_longitude,returned_latitude,returned_longitude,grid_id,district_grid_weight_count,district_sampling_points,district_grid_weight
SEPD,ALDE,center,0.0,CENTER,51.24100097474377,-0.7578579894488454,51.21265,-0.8093262,grid_0056,6,17,0.35294117647058826
SEPD,ALDE,4.5_N,4.5,N,51.28147044701012,-0.7578579894488455,51.28295,-0.81082153,grid_0064,3,17,0.17647058823529413
SEPD,ALDE,4.5_NE,4.5,NE,51.26960830522257,-0.7121200529282039,51.28295,-0.6486511,grid_0065,2,17,0.11764705882352941
SEPD,ALDE,4.5_E,4.5,E,51.240983172626265,-0.693215032344408,51.21265,-0.64746094,grid_0057,4,17,0.23529411764705882
SEPD,ALDE,4.5_SE,4.5,SE,51.21237584213553,-0.7121769245460916,51.21265,-0.64746094,grid_0057,4,17,0.23529411764705882
SEPD,ALDE,4.5_S,4.5,S,51.20053150247743,-0.7578579894488455,51.21265,-0.8093262,grid_0056,6,17,0.35294117647058826
SEPD,ALDE,4.5_SW,4.5,SW,51.21237584213553,-0.8035390543515993,51.21265,-0.8093262,grid_0056,6,17,0.35294117647058826
SEPD,ALDE,4.5_W,4.5,W,51.240983172626265,-0.822500946553283,51.21265,-0.8093262,grid_0056,6,17,0.35294117647058826
SEPD,ALDE,4.5_NW,4.5,NW,51.26960830522257,-0.803595925969487,51.28295,-0.81082153,grid_0064,3,17,0.17647058823529413
SEPD,ALDE,9.0_N,9.0,N,51.32193991927645,-0.7578579894488455,51.35325,-0.8122864,grid_0074,1,17,0.058823529411764705
SEPD,ALDE,9.0_NE,9.0,NE,51.29819779316305,-0.6663251511977262,51.28295,-0.6486511,grid_0065,2,17,0.11764705882352941
SEPD,ALDE,9.0_E,9.0,E,51.240929766323966,-0.628572175308735,51.21265,-0.64746094,grid_0057,4,17,0.23529411764705882
SEPD,ALDE,9.0_SE,9.0,SE,51.183732947713615,-0.6665526377260217,51.21265,-0.64746094,grid_0057,4,17,0.23529411764705882
SEPD,ALDE,9.0_S,9.0,S,51.16006203021109,-0.7578579894488455,51.142353,-0.80789185,grid_0051,1,17,0.058823529411764705
SEPD,ALDE,9.0_SW,9.0,SW,51.183732947713615,-0.8491633411716693,51.21265,-0.8093262,grid_0056,6,17,0.35294117647058826
SEPD,ALDE,9.0_W,9.0,W,51.240929766323966,-0.887143803588956,51.21265,-0.8093262,grid_0056,6,17,0.35294117647058826
SEPD,ALDE,9.0_NW,9.0,NW,51.29819779316305,-0.8493908276999648,51.28295,-0.81082153,grid_0064,3,17,0.17647058823529413
SEPD,ANDO,center,0.0,CENTER,51.30408678348661,-1.572502151570189,51.28295,-1.6216431,grid_0060,6,17,0.35294117647058826
SEPD,ANDO,4.5_N,4.5,N,51.34455625575296,-1.572502151570189,51.35325,-1.6245422,grid_0069,4,17,0.23529411764705882
SEPD,ANDO,4.5_NE,4.5,NE,51.33269409383715,-1.5267013096938746,51.35325,-1.4620972,grid_0070,2,17,0.11764705882352941
SEPD,ANDO,4.5_E,4.5,E,51.304068941162726,-1.5077703792642654,51.28295,-1.4594727,grid_0061,3,17,0.17647058823529413
SEPD,ANDO,4.5_SE,4.5,SE,51.27546163080019,-1.5267583880717492,51.28295,-1.4594727,grid_0061,3,17,0.17647058823529413
SEPD,ANDO,4.5_S,4.5,S,51.26361731122027,-1.572502151570189,51.28295,-1.6216431,grid_0060,6,17,0.35294117647058826
SEPD,ANDO,4.5_SW,4.5,SW,51.27546163080019,-1.6182459150686284,51.28295,-1.6216431,grid_0060,6,17,0.35294117647058826
SEPD,ANDO,4.5_W,4.5,W,51.304068941162726,-1.6372339238761124,51.28295,-1.6216431,grid_0060,6,17,0.35294117647058826
SEPD,ANDO,4.5_NW,4.5,NW,51.33269409383715,-1.6183029934465032,51.35325,-1.6245422,grid_0069,4,17,0.23529411764705882
SEPD,ANDO,9.0_N,9.0,N,51.38502572801931,-1.572502151570189,51.35325,-1.6245422,grid_0069,4,17,0.23529411764705882
SEPD,ANDO,9.0_NE,9.0,NE,51.36128352129242,-1.4808432953986612,51.35325,-1.4620972,grid_0070,2,17,0.11764705882352941
SEPD,ANDO,9.0_E,9.0,E,51.30401541424158,-1.4430387076177398,51.28295,-1.4594727,grid_0061,3,17,0.17647058823529413
SEPD,ANDO,9.0_SE,9.0,SE,51.24681867624364,-1.4810716089671114,51.21265,-1.4568176,grid_0053,1,17,0.058823529411764705
SEPD,ANDO,9.0_S,9.0,S,51.22314783895392,-1.572502151570189,51.21265,-1.6186829,grid_0052,1,17,0.058823529411764705
SEPD,ANDO,9.0_SW,9.0,SW,51.24681867624364,-1.6639326941732664,51.28295,-1.6216431,grid_0060,6,17,0.35294117647058826
SEPD,ANDO,9.0_W,9.0,W,51.30401541424158,-1.7019655955226378,51.28295,-1.6216431,grid_0060,6,17,0.35294117647058826
SEPD,ANDO,9.0_NW,9.0,NW,51.36128352129242,-1.6641610077417166,51.35325,-1.6245422,grid_0069,4,17,0.23529411764705882
SEPD,BASI,center,0.0,CENTER,51.24924856979465,-1.0681695778746003,51.21265,-1.1330872,grid_0054,4,17,0.23529411764705882
SEPD,BASI,4.5_N,4.5,N,51.289718042061,-1.0681695778746003,51.28295,-1.1351624,grid_0062,5,17,0.29411764705882354
SEPD,BASI,4.5_NE,4.5,NE,51.2778558976451,-1.0224234303212298,51.28295,-0.97299194,grid_0063,4,17,0.23529411764705882
SEPD,BASI,4.5_E,4.5,E,51.24923076242699,-1.0035150277170122,51.28295,-0.97299194,grid_0063,4,17,0.23529411764705882
SEPD,BASI,4.5_SE,4.5,SE,51.220623434564594,-1.0224803289139237,51.21265,-0.9712219,grid_0055,2,17,0.11764705882352941
SEPD,BASI,4.5_S,4.5,S,51.20877909752831,-1.0681695778746003,51.21265,-1.1330872,grid_0054,4,17,0.23529411764705882
SEPD,BASI,4.5_SW,4.5,SW,51.220623434564594,-1.113858826835277,51.21265,-1.1330872,grid_0054,4,17,0.23529411764705882
SEPD,BASI,4.5_W,4.5,W,51.24923076242699,-1.132824128032189,51.28295,-1.1351624,grid_0062,5,17,0.29411764705882354
SEPD,BASI,4.5_NW,4.5,NW,51.2778558976451,-1.1139157254279708,51.28295,-1.1351624,grid_0062,5,17,0.29411764705882354
SEPD,BASI,9.0_N,9.0,N,51.33018751432734,-1.0681695778746003,51.35325,-1.1371765,grid_0072,1,17,0.058823529411764705
SEPD,BASI,9.0_NE,9.0,NE,51.30644537768744,-0.9766202905246736,51.28295,-0.97299194,grid_0063,4,17,0.23529411764705882
SEPD,BASI,9.0_E,9.0,E,51.24917734037425,-0.9388605777051778,51.28295,-0.97299194,grid_0063,4,17,0.23529411764705882
SEPD,BASI,9.0_SE,9.0,SE,51.19198053229026,-0.9768478849522212,51.21265,-0.9712219,grid_0055,2,17,0.11764705882352941
SEPD,BASI,9.0_S,9.0,S,51.16830962526197,-1.0681695778746003,51.142353,-1.131073,grid_0050,1,17,0.058823529411764705
SEPD,BASI,9.0_SW,9.0,SW,51.19198053229026,-1.1594912707969796,51.21265,-1.1330872,grid_0054,4,17,0.23529411764705882
SEPD,BASI,9.0_W,9.0,W,51.24917734037425,-1.197478578044023,51.28295,-1.1351624,grid_0062,5,17,0.29411764705882354
SEPD,BASI,9.0_NW,9.0,NW,51.30644537768744,-1.1597188652245272,51.28295,-1.1351624,grid_0062,5,17,0.29411764705882354
SEPD,BOUR,center,0.0,CENTER,50.7562733907041,-1.838733605108358,50.79086,-1.7615662,grid_0013,8,17,0.47058823529411764
SEPD,BOUR,4.5_N,4.5,N,50.79674286297044,-1.838733605108358,50.79086,-1.7615662,grid_0013,8,17,0.47058823529411764
SEPD,BOUR,4.5_NE,4.5,NE,50.78488087401997,-1.7934714882446583,50.79086,-1.7615662,grid_0013,8,17,0.47058823529411764
SEPD,BOUR,4.5_E,4.5,E,50.75625589388365,-1.7747624566719014,50.79086,-1.7615662,grid_0013,8,17,0.47058823529411764
SEPD,BOUR,4.5_SE,4.5,SE,50.72764841055633,-1.7935268036349288,50.79086,-1.7615662,grid_0013,8,17,0.47058823529411764
SEPD,BOUR,4.5_S,4.5,S,50.71580391843776,-1.838733605108358,50.720562,-1.9183044,grid_0007,5,17,0.29411764705882354
SEPD,BOUR,4.5_SW,4.5,SW,50.72764841055633,-1.883940406581787,50.720562,-1.9183044,grid_0007,5,17,0.29411764705882354
SEPD,BOUR,4.5_W,4.5,W,50.75625589388365,-1.9027047535448147,50.720562,-1.9183044,grid_0007,5,17,0.29411764705882354
SEPD,BOUR,4.5_NW,4.5,NW,50.78488087401997,-1.8839957219720576,50.79086,-1.9217224,grid_0012,3,17,0.17647058823529413
SEPD,BOUR,9.0_N,9.0,N,50.83721233523679,-1.838733605108358,50.861156,-1.7647095,grid_0016,1,17,0.058823529411764705
SEPD,BOUR,9.0_NE,9.0,NE,50.81347082122667,-1.7481539657530347,50.79086,-1.7615662,grid_0013,8,17,0.47058823529411764
SEPD,BOUR,9.0_E,9.0,E,50.75620340347026,-1.7107914038967802,50.79086,-1.7615662,grid_0013,8,17,0.47058823529411764
SEPD,BOUR,9.0_SE,9.0,SE,50.69900597276449,-1.7483752273693096,50.79086,-1.7615662,grid_0013,8,17,0.47058823529411764
SEPD,BOUR,9.0_S,9.0,S,50.67533444617141,-1.838733605108358,50.720562,-1.9183044,grid_0007,5,17,0.29411764705882354
SEPD,BOUR,9.0_SW,9.0,SW,50.69900597276449,-1.9290919828474065,50.720562,-1.9183044,grid_0007,5,17,0.29411764705882354
SEPD,BOUR,9.0_W,9.0,W,50.75620340347026,-1.966675806319936,50.79086,-1.9217224,grid_0012,3,17,0.17647058823529413
SEPD,BOUR,9.0_NW,9.0,NW,50.81347082122667,-1.929313244463681,50.79086,-1.9217224,grid_0012,3,17,0.17647058823529413
SEPD,BRAC,center,0.0,CENTER,51.40622481027261,-0.7433662613466837,51.42355,-0.8137207,grid_0083,5,17,0.29411764705882354
SEPD,BRAC,4.5_N,4.5,N,51.44669428253896,-0.7433662613466837,51.42355,-0.8137207,grid_0083,5,17,0.29411764705882354
SEPD,BRAC,4.5_NE,4.5,NE,51.43483208791709,-0.6974630877137187,51.42355,-0.65097046,grid_0084,3,17,0.17647058823529413
SEPD,BRAC,4.5_E,4.5,E,51.40620690261834,-0.6784900086119495,51.42355,-0.65097046,grid_0084,3,17,0.17647058823529413
SEPD,BRAC,4.5_SE,4.5,SE,51.37759962496175,-0.6975205029511692,51.35325,-0.6498108,grid_0075,2,17,0.11764705882352941
SEPD,BRAC,4.5_S,4.5,S,51.36575533800627,-0.7433662613466837,51.35325,-0.8122864,grid_0074,4,17,0.23529411764705882
SEPD,BRAC,4.5_SW,4.5,SW,51.37759962496175,-0.7892120197421982,51.35325,-0.8122864,grid_0074,4,17,0.23529411764705882
SEPD,BRAC,4.5_W,4.5,W,51.40620690261834,-0.8082425140814179,51.42355,-0.8137207,grid_0083,5,17,0.29411764705882354
SEPD,BRAC,4.5_NW,4.5,NW,51.43483208791709,-0.7892694349796487,51.42355,-0.8137207,grid_0083,5,17,0.29411764705882354
SEPD,BRAC,9.0_N,9.0,N,51.4871637548053,-0.7433662613466837,51.493847,-0.81521606,grid_0092,2,17,0.11764705882352941
SEPD,BRAC,9.0_NE,9.0,NE,51.46342141709058,-0.6515024040689229,51.493847,-0.65216064,grid_0093,1,17,0.058823529411764705
SEPD,BRAC,9.0_E,9.0,E,51.40615317970655,-0.6136138575014171,51.42355,-0.65097046,grid_0084,3,17,0.17647058823529413
SEPD,BRAC,9.0_SE,9.0,SE,51.34895657269472,-0.6517320650760121,51.35325,-0.6498108,grid_0075,2,17,0.11764705882352941
SEPD,BRAC,9.0_S,9.0,S,51.32528586573992,-0.7433662613466837,51.35325,-0.8122864,grid_0074,4,17,0.23529411764705882
SEPD,BRAC,9.0_SW,9.0,SW,51.34895657269472,-0.8350004576173553,51.35325,-0.8122864,grid_0074,4,17,0.23529411764705882
SEPD,BRAC,9.0_W,9.0,W,51.40615317970655,-0.8731186651919504,51.42355,-0.8137207,grid_0083,5,17,0.29411764705882354
SEPD,BRAC,9.0_NW,9.0,NW,51.46342141709058,-0.8352301186244446,51.493847,-0.81521606,grid_0092,2,17,0.11764705882352941
SEPD,CHIC,center,0.0,CENTER,50.84299478747278,-0.7973913124671963,50.861156,-0.802124,grid_0021,6,17,0.35294117647058826
SEPD,CHIC,4.5_N,4.5,N,50.88346425973912,-0.7973913124671963,50.861156,-0.802124,grid_0021,6,17,0.35294117647058826
SEPD,CHIC,4.5_NE,4.5,NE,50.87160224367878,-0.7520450342720498,50.861156,-0.802124,grid_0021,6,17,0.35294117647058826
SEPD,CHIC,4.5_E,4.5,E,50.84297723649901,-0.7333013361404261,50.861156,-0.802124,grid_0021,6,17,0.35294117647058826
SEPD,CHIC,4.5_SE,4.5,SE,50.814369780281474,-0.7521006239333111,50.79086,-0.8007202,grid_0014,6,17,0.35294117647058826
SEPD,CHIC,4.5_S,4.5,S,50.80252531520643,-0.7973913124671963,50.79086,-0.8007202,grid_0014,6,17,0.35294117647058826
SEPD,CHIC,4.5_SW,4.5,SW,50.814369780281474,-0.8426820010010814,50.79086,-0.8007202,grid_0014,6,17,0.35294117647058826
SEPD,CHIC,4.5_W,4.5,W,50.84297723649901,-0.8614812887939663,50.861156,-0.802124,grid_0021,6,17,0.35294117647058826
SEPD,CHIC,4.5_NW,4.5,NW,50.87160224367878,-0.8427375906623428,50.861156,-0.802124,grid_0021,6,17,0.35294117647058826
SEPD,CHIC,9.0_N,9.0,N,50.92393373200546,-0.7973913124671963,50.931458,-0.80358887,grid_0030,1,17,0.058823529411764705
SEPD,CHIC,9.0_NE,9.0,NE,50.90019210942294,-0.7066430755901446,50.931458,-0.6428528,grid_0031,1,17,0.058823529411764705
SEPD,CHIC,9.0_E,9.0,E,50.84292458362607,-0.6692114562468523,50.861156,-0.64172363,grid_0022,1,17,0.058823529411764705
SEPD,CHIC,9.0_SE,9.0,SE,50.78572726149134,-0.7068654342906558,50.79086,-0.8007202,grid_0014,6,17,0.35294117647058826
SEPD,CHIC,9.0_S,9.0,S,50.7620558429401,-0.7973913124671963,50.79086,-0.8007202,grid_0014,6,17,0.35294117647058826
SEPD,CHIC,9.0_SW,9.0,SW,50.78572726149134,-0.8879171906437366,50.79086,-0.8007202,grid_0014,6,17,0.35294117647058826
SEPD,CHIC,9.0_W,9.0,W,50.84292458362607,-0.9255711686875404,50.861156,-0.96255493,grid_0020,1,17,0.058823529411764705
SEPD,CHIC,9.0_NW,9.0,NW,50.90019210942294,-0.888139549344248,50.931458,-0.96429443,grid_0029,1,17,0.058823529411764705
SEPD,EGHA,center,0.0,CENTER,51.46344473490166,-0.4287029437422943,51.493847,-0.48910522,grid_0094,6,17,0.35294117647058826
SEPD,EGHA,4.5_N,4.5,N,51.50391420716801,-0.4287029437422943,51.493847,-0.48910522,grid_0094,6,17,0.35294117647058826
SEPD,EGHA,4.5_NE,4.5,NE,51.49205199415953,-0.382742177625439,51.493847,-0.32608032,grid_0095,4,17,0.23529411764705882
SEPD,EGHA,4.5_E,4.5,E,51.46342679052023,-0.3637453773783615,51.493847,-0.32608032,grid_0095,4,17,0.23529411764705882
SEPD,EGHA,4.5_SE,4.5,SE,51.4348195312502,-0.382799782726894,51.42355,-0.32546997,grid_0086,2,17,0.11764705882352941
SEPD,EGHA,4.5_S,4.5,S,51.422975262635326,-0.4287029437422943,51.42355,-0.4882202,grid_0085,3,17,0.17647058823529413
SEPD,EGHA,4.5_SW,4.5,SW,51.4348195312502,-0.4746061047576945,51.42355,-0.4882202,grid_0085,3,17,0.17647058823529413
SEPD,EGHA,4.5_W,4.5,W,51.46342679052023,-0.4936605101062271,51.493847,-0.48910522,grid_0094,6,17,0.35294117647058826
SEPD,EGHA,4.5_NW,4.5,NW,51.49205199415953,-0.4746637098591494,51.493847,-0.48910522,grid_0094,6,17,0.35294117647058826
SEPD,EGHA,9.0_N,9.0,N,51.54438367943434,-0.4287029437422943,51.564144,-0.49002075,grid_0103,1,17,0.058823529411764705
SEPD,EGHA,9.0_NE,9.0,NE,51.520641268080894,-0.3367237112184764,51.493847,-0.32608032,grid_0095,4,17,0.23529411764705882
SEPD,EGHA,9.0_E,9.0,E,51.46337295742722,-0.2987879131837984,51.493847,-0.32608032,grid_0095,4,17,0.23529411764705882
SEPD,EGHA,9.0_SE,9.0,SE,51.40617642405316,-0.336954131681773,51.42355,-0.32546997,grid_0086,2,17,0.11764705882352941
SEPD,EGHA,9.0_S,9.0,S,51.38250579036897,-0.4287029437422943,51.35325,-0.48736572,grid_0076,1,17,0.058823529411764705
SEPD,EGHA,9.0_SW,9.0,SW,51.40617642405316,-0.5204517558028154,51.42355,-0.4882202,grid_0085,3,17,0.17647058823529413
SEPD,EGHA,9.0_W,9.0,W,51.46337295742722,-0.5586179743007901,51.493847,-0.48910522,grid_0094,6,17,0.35294117647058826
SEPD,EGHA,9.0_NW,9.0,NW,51.520641268080894,-0.5206821762661121,51.493847,-0.48910522,grid_0094,6,17,0.35294117647058826
SEPD,ISLE,center,0.0,CENTER,50.68908730023202,-1.2759489051282946,50.720562,-1.2788696,grid_0009,8,17,0.47058823529411764
SEPD,ISLE,4.5_N,4.5,N,50.72955677249838,-1.2759489051282946,50.720562,-1.2788696,grid_0009,8,17,0.47058823529411764
SEPD,ISLE,4.5_NE,4.5,NE,50.7176948044818,-1.2307517054526085,50.720562,-1.2788696,grid_0009,8,17,0.47058823529411764
SEPD,ISLE,4.5_E,4.5,E,50.68906984522825,-1.2120694138655483,50.720562,-1.2788696,grid_0009,8,17,0.47058823529411764
SEPD,ISLE,4.5_SE,4.5,SE,50.66046234096709,-1.2308068095753777,50.65026,-1.2766113,grid_0004,6,17,0.35294117647058826
SEPD,ISLE,4.5_S,4.5,S,50.64861782796568,-1.2759489051282946,50.65026,-1.2766113,grid_0004,6,17,0.35294117647058826
SEPD,ISLE,4.5_SW,4.5,SW,50.66046234096709,-1.3210910006812118,50.65026,-1.2766113,grid_0004,6,17,0.35294117647058826
SEPD,ISLE,4.5_W,4.5,W,50.68906984522825,-1.339828396391041,50.720562,-1.2788696,grid_0009,8,17,0.47058823529411764
SEPD,ISLE,4.5_NW,4.5,NW,50.7176948044818,-1.3211461048039808,50.720562,-1.2788696,grid_0009,8,17,0.47058823529411764
SEPD,ISLE,9.0_N,9.0,N,50.77002624476471,-1.2759489051282946,50.720562,-1.2788696,grid_0009,8,17,0.47058823529411764
SEPD,ISLE,9.0_NE,9.0,NE,50.74628481459265,-1.185499311868335,50.720562,-1.2788696,grid_0009,8,17,0.47058823529411764
SEPD,ISLE,9.0_E,9.0,E,50.6890174802646,-1.1481900176710227,50.65026,-1.2766113,grid_0004,6,17,0.35294117647058826
SEPD,ISLE,9.0_SE,9.0,SE,50.63181996572185,-1.1857197284143923,50.65026,-1.2766113,grid_0004,6,17,0.35294117647058826
SEPD,ISLE,9.0_S,9.0,S,50.60814835569934,-1.2759489051282946,50.65026,-1.2766113,grid_0004,6,17,0.35294117647058826
SEPD,ISLE,9.0_SW,9.0,SW,50.63181996572185,-1.366178081842197,50.65026,-1.4361877,grid_0003,1,17,0.058823529411764705
SEPD,ISLE,9.0_W,9.0,W,50.6890174802646,-1.4037077925855663,50.720562,-1.4387207,grid_0008,2,17,0.11764705882352941
SEPD,ISLE,9.0_NW,9.0,NW,50.74628481459265,-1.3663984983882542,50.720562,-1.4387207,grid_0008,2,17,0.11764705882352941
SEPD,MELK,center,0.0,CENTER,51.3600446453755,-2.155128557514649,51.35325,-2.111908,grid_0067,4,17,0.23529411764705882
SEPD,MELK,4.5_N,4.5,N,51.40051411764185,-2.155128557514649,51.42355,-2.1157227,grid_0078,4,17,0.23529411764705882
SEPD,MELK,4.5_NE,4.5,NE,51.38865193782562,-2.1092717262669467,51.42355,-2.1157227,grid_0078,4,17,0.23529411764705882
SEPD,MELK,4.5_E,4.5,E,51.360026767295466,-2.0903177347325737,51.35325,-2.111908,grid_0067,4,17,0.23529411764705882
SEPD,MELK,4.5_SE,4.5,SE,51.33141947483328,-2.1093289888742595,51.35325,-2.111908,grid_0067,4,17,0.23529411764705882
SEPD,MELK,4.5_S,4.5,S,51.319575173109165,-2.155128557514649,51.35325,-2.111908,grid_0067,4,17,0.23529411764705882
SEPD,MELK,4.5_SW,4.5,SW,51.33141947483328,-2.200928126155038,51.35325,-2.2743835,grid_0066,4,17,0.23529411764705882
SEPD,MELK,4.5_W,4.5,W,51.360026767295466,-2.2199393802967244,51.35325,-2.2743835,grid_0066,4,17,0.23529411764705882
SEPD,MELK,4.5_NW,4.5,NW,51.38865193782562,-2.200985388762351,51.35325,-2.2743835,grid_0066,4,17,0.23529411764705882
SEPD,MELK,9.0_N,9.0,N,51.440983589908186,-2.155128557514649,51.42355,-2.1157227,grid_0078,4,17,0.23529411764705882
SEPD,MELK,9.0_NE,9.0,NE,51.41724131149014,-2.063357537970095,51.42355,-2.1157227,grid_0078,4,17,0.23529411764705882
SEPD,MELK,9.0_E,9.0,E,51.35997313310613,-2.025507013137162,51.35325,-1.9494629,grid_0068,1,17,0.058823529411764705
SEPD,MELK,9.0_SE,9.0,SE,51.302776466798406,-2.0635865884564804,51.28295,-2.1081238,grid_0059,2,17,0.11764705882352941
SEPD,MELK,9.0_S,9.0,S,51.279105700842806,-2.155128557514649,51.28295,-2.1081238,grid_0059,2,17,0.11764705882352941
SEPD,MELK,9.0_SW,9.0,SW,51.302776466798406,-2.2466705265728173,51.28295,-2.2702942,grid_0058,1,17,0.058823529411764705
SEPD,MELK,9.0_W,9.0,W,51.35997313310613,-2.2847501018921355,51.35325,-2.2743835,grid_0066,4,17,0.23529411764705882
SEPD,MELK,9.0_NW,9.0,NW,51.41724131149014,-2.246899577059203,51.42355,-2.278473,grid_0077,1,17,0.058823529411764705
SEPD,NEWB,center,0.0,CENTER,51.403632352582086,-1.3207981121790024,51.42355,-1.3019714,grid_0080,6,17,0.35294117647058826
SEPD,NEWB,4.5_N,4.5,N,51.44410182484843,-1.3207981121790024,51.42355,-1.3019714,grid_0080,6,17,0.35294117647058826
SEPD,NEWB,4.5_NE,4.5,NE,51.43223963105852,-1.2748975433820366,51.42355,-1.3019714,grid_0080,6,17,0.35294117647058826
SEPD,NEWB,4.5_E,4.5,E,51.40361444658964,-1.255925537161367,51.42355,-1.3019714,grid_0080,6,17,0.35294117647058826
SEPD,NEWB,4.5_SE,4.5,SE,51.3750071681011,-1.2749549500369266,51.35325,-1.2996521,grid_0071,5,17,0.29411764705882354
SEPD,NEWB,4.5_S,4.5,S,51.36316288031576,-1.3207981121790024,51.35325,-1.2996521,grid_0071,5,17,0.29411764705882354
SEPD,NEWB,4.5_SW,4.5,SW,51.3750071681011,-1.3666412743210783,51.35325,-1.2996521,grid_0071,5,17,0.29411764705882354
SEPD,NEWB,4.5_W,4.5,W,51.40361444658964,-1.3856706871966384,51.42355,-1.4647217,grid_0079,2,17,0.11764705882352941
SEPD,NEWB,4.5_NW,4.5,NW,51.43223963105852,-1.3666986809759685,51.42355,-1.3019714,grid_0080,6,17,0.35294117647058826
SEPD,NEWB,9.0_N,9.0,N,51.484571297114776,-1.3207981121790024,51.493847,-1.3043213,grid_0089,1,17,0.058823529411764705
SEPD,NEWB,9.0_NE,9.0,NE,51.46082896273203,-1.2289394731745114,51.42355,-1.3019714,grid_0080,6,17,0.35294117647058826
SEPD,NEWB,9.0_E,9.0,E,51.403560728663294,-1.1910530637433123,51.42355,-1.1392212,grid_0081,1,17,0.058823529411764705
SEPD,NEWB,9.0_SE,9.0,SE,51.346364118319535,-1.2291690998513494,51.35325,-1.2996521,grid_0071,5,17,0.29411764705882354
SEPD,NEWB,9.0_S,9.0,S,51.3226934080494,-1.3207981121790024,51.35325,-1.2996521,grid_0071,5,17,0.29411764705882354
SEPD,NEWB,9.0_SW,9.0,SW,51.346364118319535,-1.4124271245066555,51.35325,-1.4620972,grid_0070,1,17,0.058823529411764705
SEPD,NEWB,9.0_W,9.0,W,51.403560728663294,-1.4505431606146928,51.42355,-1.4647217,grid_0079,2,17,0.11764705882352941
SEPD,NEWB,9.0_NW,9.0,NW,51.46082896273203,-1.4126567511834935,51.493847,-1.4673767,grid_0088,1,17,0.058823529411764705
SEPD,NEWF,center,0.0,CENTER,50.972402450388216,-1.4518918821984514,51.001755,-1.4490356,grid_0038,6,17,0.35294117647058826
SEPD,NEWF,4.5_N,4.5,N,51.01287192265457,-1.4518918821984514,51.001755,-1.4490356,grid_0038,6,17,0.35294117647058826
SEPD,NEWF,4.5_NE,4.5,NE,51.00100986595212,-1.4064192387379022,51.001755,-1.4490356,grid_0038,6,17,0.35294117647058826
SEPD,NEWF,4.5_E,4.5,E,50.97238481823019,-1.3876234905585647,51.001755,-1.4490356,grid_0038,6,17,0.35294117647058826
SEPD,NEWF,4.5_SE,4.5,SE,50.94377740265462,-1.406475241004194,50.931458,-1.4464417,grid_0026,3,17,0.17647058823529413
SEPD,NEWF,4.5_S,4.5,S,50.93193297812188,-1.4518918821984514,50.931458,-1.4464417,grid_0026,3,17,0.17647058823529413
SEPD,NEWF,4.5_SW,4.5,SW,50.94377740265462,-1.497308523392709,50.931458,-1.4464417,grid_0026,3,17,0.17647058823529413
SEPD,NEWF,4.5_W,4.5,W,50.97238481823019,-1.5161602738383384,51.001755,-1.4490356,grid_0038,6,17,0.35294117647058826
SEPD,NEWF,4.5_NW,4.5,NW,51.00100986595212,-1.4973645256590007,51.001755,-1.4490356,grid_0038,6,17,0.35294117647058826
SEPD,NEWF,9.0_N,9.0,N,51.053341394920906,-1.4518918821984514,51.072056,-1.4516296,grid_0045,1,17,0.058823529411764705
SEPD,NEWF,9.0_NE,9.0,NE,51.02959960956984,-1.3608905012985448,51.001755,-1.2880249,grid_0039,2,17,0.11764705882352941
SEPD,NEWF,9.0_E,9.0,E,50.97233192180504,-1.3233551965170065,51.001755,-1.2880249,grid_0039,2,17,0.11764705882352941
SEPD,NEWF,9.0_SE,9.0,SE,50.91513476243676,-1.361114510419589,50.931458,-1.2857056,grid_0027,1,17,0.058823529411764705
SEPD,NEWF,9.0_S,9.0,S,50.89146350585554,-1.4518918821984514,50.861156,-1.4438477,grid_0017,1,17,0.058823529411764705
SEPD,NEWF,9.0_SW,9.0,SW,50.91513476243676,-1.542669253977314,50.931458,-1.6071472,grid_0025,1,17,0.058823529411764705
SEPD,NEWF,9.0_W,9.0,W,50.97233192180504,-1.5804285678798966,51.001755,-1.6100159,grid_0037,2,17,0.11764705882352941
SEPD,NEWF,9.0_NW,9.0,NW,51.02959960956984,-1.542893263098358,51.001755,-1.6100159,grid_0037,2,17,0.11764705882352941
SEPD,OXFN,center,0.0,CENTER,51.84667251313343,-1.303525771389903,51.84534,-1.3162537,grid_0122,7,17,0.4117647058823529
SEPD,OXFN,4.5_N,4.5,N,51.887141985399765,-1.303525771389903,51.915638,-1.3186646,grid_0124,3,17,0.17647058823529413
SEPD,OXFN,4.5_NE,4.5,NE,51.875279648046096,-1.2571743267099251,51.84534,-1.3162537,grid_0122,7,17,0.4117647058823529
SEPD,OXFN,4.5_E,4.5,E,51.84665432037568,-1.2380166178711816,51.84534,-1.3162537,grid_0122,7,17,0.4117647058823529
SEPD,OXFN,4.5_SE,4.5,SE,51.81804718545042,-1.2572332250747271,51.84534,-1.3162537,grid_0122,7,17,0.4117647058823529
SEPD,OXFN,4.5_S,4.5,S,51.80620304086708,-1.303525771389903,51.775043,-1.3138733,grid_0119,2,17,0.11764705882352941
SEPD,OXFN,4.5_SW,4.5,SW,51.81804718545042,-1.349818317705079,51.84534,-1.3162537,grid_0122,7,17,0.4117647058823529
SEPD,OXFN,4.5_W,4.5,W,51.84665432037568,-1.3690349249086249,51.84534,-1.3162537,grid_0122,7,17,0.4117647058823529
SEPD,OXFN,4.5_NW,4.5,NW,51.875279648046096,-1.349877216069881,51.84534,-1.3162537,grid_0122,7,17,0.4117647058823529
SEPD,OXFN,9.0_N,9.0,N,51.92761145766611,-1.303525771389903,51.915638,-1.3186646,grid_0124,3,17,0.17647058823529413
SEPD,OXFN,9.0_NE,9.0,NE,51.90386854830303,-1.2107638856369185,51.915638,-1.1538391,grid_0125,1,17,0.058823529411764705
SEPD,OXFN,9.0_E,9.0,E,51.84659974215565,-1.1725075702614978,51.84534,-1.1517334,grid_0123,1,17,0.058823529411764705
SEPD,OXFN,9.0_SE,9.0,SE,51.78940370678452,-1.210999479154892,51.775043,-1.1496277,grid_0120,1,17,0.058823529411764705
SEPD,OXFN,9.0_S,9.0,S,51.76573356860073,-1.303525771389903,51.775043,-1.3138733,grid_0119,2,17,0.11764705882352941
SEPD,OXFN,9.0_SW,9.0,SW,51.78940370678452,-1.3960520636249143,51.775043,-1.4780884,grid_0118,1,17,0.058823529411764705
SEPD,OXFN,9.0_W,9.0,W,51.84659974215565,-1.434543972518309,51.84534,-1.4808044,grid_0121,1,17,0.058823529411764705
SEPD,OXFN,9.0_NW,9.0,NW,51.90386854830303,-1.3962876571428882,51.915638,-1.3186646,grid_0124,3,17,0.17647058823529413
SEPD,OXFS,center,0.0,CENTER,51.662865058510896,-1.2966945530386846,51.634445,-1.3091125,grid_0109,7,17,0.4117647058823529
SEPD,OXFS,4.5_N,4.5,N,51.70333453077724,-1.2966945530386846,51.704742,-1.3114929,grid_0115,4,17,0.23529411764705882
SEPD,OXFS,4.5_NE,4.5,NE,51.69147225332597,-1.2505315726580917,51.704742,-1.3114929,grid_0115,4,17,0.23529411764705882
SEPD,OXFS,4.5_E,4.5,E,51.66284698540611,-1.2314514856964731,51.634445,-1.3091125,grid_0109,7,17,0.4117647058823529
SEPD,OXFS,4.5_SE,4.5,SE,51.634239790578654,-1.2505898459896898,51.634445,-1.3091125,grid_0109,7,17,0.4117647058823529
SEPD,OXFS,4.5_S,4.5,S,51.62239558624456,-1.2966945530386846,51.634445,-1.3091125,grid_0109,7,17,0.4117647058823529
SEPD,OXFS,4.5_SW,4.5,SW,51.634239790578654,-1.3427992600876797,51.634445,-1.3091125,grid_0109,7,17,0.4117647058823529
SEPD,OXFS,4.5_W,4.5,W,51.66284698540611,-1.3619376203808964,51.634445,-1.3091125,grid_0109,7,17,0.4117647058823529
SEPD,OXFS,4.5_NW,4.5,NW,51.69147225332597,-1.3428575334192778,51.704742,-1.3114929,grid_0115,4,17,0.23529411764705882
SEPD,OXFS,9.0_N,9.0,N,51.74380400304359,-1.2966945530386846,51.775043,-1.3138733,grid_0119,1,17,0.058823529411764705
SEPD,OXFS,9.0_NE,9.0,NE,51.72006133359413,-1.2043102222938922,51.704742,-1.1475525,grid_0116,1,17,0.058823529411764705
SEPD,OXFS,9.0_E,9.0,E,51.66279276614402,-1.166208522450222,51.634445,-1.1454773,grid_0110,2,17,0.11764705882352941
SEPD,OXFS,9.0_SE,9.0,SE,51.60559649086251,-1.204543315678428,51.634445,-1.1454773,grid_0110,2,17,0.11764705882352941
SEPD,OXFS,9.0_S,9.0,S,51.58192611397822,-1.2966945530386846,51.564144,-1.3067322,grid_0099,1,17,0.058823529411764705
SEPD,OXFS,9.0_SW,9.0,SW,51.60559649086251,-1.3888457903989413,51.634445,-1.3091125,grid_0109,7,17,0.4117647058823529
SEPD,OXFS,9.0_W,9.0,W,51.66279276614402,-1.4271805836271476,51.634445,-1.4727478,grid_0108,1,17,0.058823529411764705
SEPD,OXFS,9.0_NW,9.0,NW,51.72006133359413,-1.389078883783477,51.704742,-1.3114929,grid_0115,4,17,0.23529411764705882
SEPD,PETE,center,0.0,CENTER,51.04396558923881,-0.7402617642385987,51.072056,-0.8064575,grid_0046,6,17,0.35294117647058826
SEPD,PETE,4.5_N,4.5,N,51.084435061505154,-0.7402617642385987,51.072056,-0.8064575,grid_0046,6,17,0.35294117647058826
SEPD,PETE,4.5_NE,4.5,NE,51.07257298222993,-0.6947188372527986,51.072056,-0.6451721,grid_0047,4,17,0.23529411764705882
SEPD,PETE,4.5_E,4.5,E,51.04394791199092,-0.6758941394754008,51.072056,-0.6451721,grid_0047,4,17,0.23529411764705882
SEPD,PETE,4.5_SE,4.5,SE,51.01534051898806,-0.6947750694220861,51.001755,-0.64401245,grid_0041,2,17,0.11764705882352941
SEPD,PETE,4.5_S,4.5,S,51.00349611697247,-0.7402617642385987,51.001755,-0.8050232,grid_0040,3,17,0.17647058823529413
SEPD,PETE,4.5_SW,4.5,SW,51.01534051898806,-0.7857484590551114,51.001755,-0.8050232,grid_0040,3,17,0.17647058823529413
SEPD,PETE,4.5_W,4.5,W,51.04394791199092,-0.8046293890017967,51.072056,-0.8064575,grid_0046,6,17,0.35294117647058826
SEPD,PETE,4.5_NW,4.5,NW,51.07257298222993,-0.7858046912243989,51.072056,-0.8064575,grid_0046,6,17,0.35294117647058826
SEPD,PETE,9.0_N,9.0,N,51.12490453377149,-0.7402617642385987,51.142353,-0.80789185,grid_0051,1,17,0.058823529411764705
SEPD,PETE,9.0_NE,9.0,NE,51.10116265801775,-0.6491195858895542,51.072056,-0.6451721,grid_0047,4,17,0.23529411764705882
SEPD,PETE,9.0_E,9.0,E,51.04389488029653,-0.6115266129618036,51.072056,-0.6451721,grid_0047,4,17,0.23529411764705882
SEPD,PETE,9.0_SE,9.0,SE,50.98669781132976,-0.6493445146228112,51.001755,-0.64401245,grid_0041,2,17,0.11764705882352941
SEPD,PETE,9.0_S,9.0,S,50.96302664470612,-0.7402617642385987,50.931458,-0.80358887,grid_0030,1,17,0.058823529411764705
SEPD,PETE,9.0_SW,9.0,SW,50.98669781132976,-0.8311790138543862,51.001755,-0.8050232,grid_0040,3,17,0.17647058823529413
SEPD,PETE,9.0_W,9.0,W,51.04389488029653,-0.8689969155153939,51.072056,-0.8064575,grid_0046,6,17,0.35294117647058826
SEPD,PETE,9.0_NW,9.0,NW,51.10116265801775,-0.8314039425876434,51.072056,-0.8064575,grid_0046,6,17,0.35294117647058826
SEPD,POOL,center,0.0,CENTER,50.72834004859363,-2.1513154012398603,50.720562,-2.0781555,grid_0006,5,17,0.29411764705882354
SEPD,POOL,4.5_N,4.5,N,50.768809520859975,-2.1513154012398603,50.79086,-2.0818481,grid_0011,4,17,0.23529411764705882
SEPD,POOL,4.5_NE,4.5,NE,50.75694754062031,-2.106080304587597,50.79086,-2.0818481,grid_0011,4,17,0.23529411764705882
SEPD,POOL,4.5_E,4.5,E,50.728322569173486,-2.087382402866276,50.720562,-2.0781555,grid_0006,5,17,0.29411764705882354
SEPD,POOL,4.5_SE,4.5,SE,50.699715077135394,-2.1061355320122885,50.720562,-2.0781555,grid_0006,5,17,0.29411764705882354
SEPD,POOL,4.5_S,4.5,S,50.6878705763273,-2.1513154012398603,50.720562,-2.0781555,grid_0006,5,17,0.29411764705882354
SEPD,POOL,4.5_SW,4.5,SW,50.699715077135394,-2.196495270467432,50.720562,-2.238037,grid_0005,4,17,0.23529411764705882
SEPD,POOL,4.5_W,4.5,W,50.728322569173486,-2.2152483996134444,50.720562,-2.238037,grid_0005,4,17,0.23529411764705882
SEPD,POOL,4.5_NW,4.5,NW,50.75694754062031,-2.196550497892124,50.720562,-2.238037,grid_0005,4,17,0.23529411764705882
SEPD,POOL,9.0_N,9.0,N,50.80927899312631,-2.1513154012398603,50.79086,-2.0818481,grid_0011,4,17,0.23529411764705882
SEPD,POOL,9.0_NE,9.0,NE,50.78553751400205,-2.0607898904612227,50.79086,-2.0818481,grid_0011,4,17,0.23529411764705882
SEPD,POOL,9.0_E,9.0,E,50.72827013096087,-2.02344949990692,50.720562,-2.0781555,grid_0006,5,17,0.29411764705882354
SEPD,POOL,9.0_SE,9.0,SE,50.67107266536971,-2.061010800215094,50.65026,-2.074463,grid_0002,2,17,0.11764705882352941
SEPD,POOL,9.0_S,9.0,S,50.64740110406095,-2.1513154012398603,50.65026,-2.074463,grid_0002,2,17,0.11764705882352941
SEPD,POOL,9.0_SW,9.0,SW,50.67107266536971,-2.241620002264626,50.65026,-2.2340393,grid_0001,1,17,0.058823529411764705
SEPD,POOL,9.0_W,9.0,W,50.72827013096087,-2.2791813025728005,50.720562,-2.238037,grid_0005,4,17,0.23529411764705882
SEPD,POOL,9.0_NW,9.0,NW,50.78553751400205,-2.241840912018498,50.79086,-2.2420044,grid_0010,1,17,0.058823529411764705
SEPD,PORT,center,0.0,CENTER,50.83982272463788,-1.1347132650952625,50.861156,-1.1229858,grid_0019,12,17,0.7058823529411765
SEPD,PORT,4.5_N,4.5,N,50.880292196904215,-1.1347132650952627,50.861156,-1.1229858,grid_0019,12,17,0.7058823529411765
SEPD,PORT,4.5_NE,4.5,NE,50.86843018183727,-1.0893700726675193,50.861156,-1.1229858,grid_0019,12,17,0.7058823529411765
SEPD,PORT,4.5_E,4.5,E,50.83980517564845,-1.0706276455767445,50.861156,-1.1229858,grid_0019,12,17,0.7058823529411765
SEPD,PORT,4.5_SE,4.5,SE,50.81119771843752,-1.0894256522651735,50.861156,-1.1229858,grid_0019,12,17,0.7058823529411765
SEPD,PORT,4.5_S,4.5,S,50.79935325237154,-1.1347132650952627,50.861156,-1.1229858,grid_0019,12,17,0.7058823529411765
SEPD,PORT,4.5_SW,4.5,SW,50.81119771843752,-1.1800008779253517,50.861156,-1.1229858,grid_0019,12,17,0.7058823529411765
SEPD,PORT,4.5_W,4.5,W,50.83980517564845,-1.1987988846137807,50.861156,-1.1229858,grid_0019,12,17,0.7058823529411765
SEPD,PORT,4.5_NW,4.5,NW,50.86843018183727,-1.180056457523006,50.861156,-1.1229858,grid_0019,12,17,0.7058823529411765
SEPD,PORT,9.0_N,9.0,N,50.92076166917057,-1.1347132650952627,50.931458,-1.125,grid_0028,1,17,0.058823529411764705
SEPD,PORT,9.0_NE,9.0,NE,50.89702005056648,-1.0439712098382186,50.861156,-1.1229858,grid_0019,12,17,0.7058823529411765
SEPD,PORT,9.0_E,9.0,E,50.83975252872853,-1.0065421224630642,50.861156,-0.96255493,grid_0020,1,17,0.058823529411764705
SEPD,PORT,9.0_SE,9.0,SE,50.78255520261541,-1.044193528284292,50.861156,-1.1229858,grid_0019,12,17,0.7058823529411765
SEPD,PORT,9.0_S,9.0,S,50.7588837801052,-1.1347132650952627,50.861156,-1.1229858,grid_0019,12,17,0.7058823529411765
SEPD,PORT,9.0_SW,9.0,SW,50.78255520261541,-1.225233001906233,50.720562,-1.2788696,grid_0009,1,17,0.058823529411764705
SEPD,PORT,9.0_W,9.0,W,50.83975252872853,-1.262884407727461,50.861156,-1.2834167,grid_0018,2,17,0.11764705882352941
SEPD,PORT,9.0_NW,9.0,NW,50.89702005056648,-1.2254553203523066,50.861156,-1.2834167,grid_0018,2,17,0.11764705882352941
SEPD,REAN,center,0.0,CENTER,51.59346820522285,-0.8491619047986634,51.564144,-0.8167114,grid_0101,6,17,0.35294117647058826
SEPD,REAN,4.5_N,4.5,N,51.63393767748919,-0.8491619047986634,51.634445,-0.8182068,grid_0112,4,17,0.23529411764705882
SEPD,REAN,4.5_NE,4.5,NE,51.62207542252779,-0.8030695584717146,51.634445,-0.8182068,grid_0112,4,17,0.23529411764705882
SEPD,REAN,4.5_E,4.5,E,51.59345017704106,-0.7840185636108578,51.564144,-0.8167114,grid_0101,6,17,0.35294117647058826
SEPD,REAN,4.5_SE,4.5,SE,51.5648429597238,-0.8031275981061139,51.564144,-0.8167114,grid_0101,6,17,0.35294117647058826
SEPD,REAN,4.5_S,4.5,S,51.5529987329565,-0.8491619047986634,51.564144,-0.8167114,grid_0101,6,17,0.35294117647058826
SEPD,REAN,4.5_SW,4.5,SW,51.5648429597238,-0.895196211491213,51.564144,-0.8167114,grid_0101,6,17,0.35294117647058826
SEPD,REAN,4.5_W,4.5,W,51.59345017704106,-0.9143052459864692,51.564144,-0.9800415,grid_0100,3,17,0.17647058823529413
SEPD,REAN,4.5_NW,4.5,NW,51.62207542252779,-0.8952542511256123,51.634445,-0.8182068,grid_0112,4,17,0.23529411764705882
SEPD,REAN,9.0_N,9.0,N,51.67440714975552,-0.8491619047986634,51.704742,-0.81967163,grid_0117,1,17,0.058823529411764705
SEPD,REAN,9.0_NE,9.0,NE,51.6506645703792,-0.756919076371071,51.634445,-0.8182068,grid_0112,4,17,0.23529411764705882
SEPD,REAN,9.0_E,9.0,E,51.59339609254762,-0.7188753258438452,51.564144,-0.65338135,grid_0102,1,17,0.058823529411764705
SEPD,REAN,9.0_SE,9.0,SE,51.5361997271942,-0.7571512349665783,51.564144,-0.8167114,grid_0101,6,17,0.35294117647058826
SEPD,REAN,9.0_S,9.0,S,51.51252926069015,-0.8491619047986634,51.493847,-0.81521606,grid_0092,1,17,0.058823529411764705
SEPD,REAN,9.0_SW,9.0,SW,51.5361997271942,-0.9411725746307484,51.564144,-0.9800415,grid_0100,3,17,0.17647058823529413
SEPD,REAN,9.0_W,9.0,W,51.59339609254762,-0.9794484837534816,51.564144,-0.9800415,grid_0100,3,17,0.17647058823529413
SEPD,REAN,9.0_NW,9.0,NW,51.6506645703792,-0.9414047332262558,51.634445,-0.98184204,grid_0111,1,17,0.058823529411764705
SEPD,REAS,center,0.0,CENTER,51.43791942095685,-0.9859169018390922,51.42355,-0.97647095,grid_0082,6,17,0.35294117647058826
SEPD,REAS,4.5_N,4.5,N,51.47838889322319,-0.9859169018390922,51.493847,-0.97824097,grid_0091,4,17,0.23529411764705882
SEPD,REAS,4.5_NE,4.5,NE,51.466526688422526,-0.9399818507366586,51.493847,-0.97824097,grid_0091,4,17,0.23529411764705882
SEPD,REAS,4.5_E,4.5,E,51.43790149297045,-0.9209956419511254,51.42355,-0.97647095,grid_0082,6,17,0.35294117647058826
SEPD,REAS,4.5_SE,4.5,SE,51.40929422549264,-0.9400393710390924,51.42355,-0.97647095,grid_0082,6,17,0.35294117647058826
SEPD,REAS,4.5_S,4.5,S,51.39744994869052,-0.9859169018390922,51.42355,-0.97647095,grid_0082,6,17,0.35294117647058826
SEPD,REAS,4.5_SW,4.5,SW,51.40929422549264,-1.0317944326390922,51.42355,-0.97647095,grid_0082,6,17,0.35294117647058826
SEPD,REAS,4.5_W,4.5,W,51.43790149297045,-1.050838161727059,51.42355,-0.97647095,grid_0082,6,17,0.35294117647058826
SEPD,REAS,4.5_NW,4.5,NW,51.466526688422526,-1.0318519529415258,51.493847,-0.97824097,grid_0091,4,17,0.23529411764705882
SEPD,REAS,9.0_N,9.0,N,51.518858365489535,-0.9859169018390922,51.493847,-0.97824097,grid_0091,4,17,0.23529411764705882
SEPD,REAS,9.0_NE,9.0,NE,51.49511598700853,-0.8939891843282484,51.493847,-0.81521606,grid_0092,1,17,0.058823529411764705
SEPD,REAS,9.0_E,9.0,E,51.437847709062446,-0.8560744839889171,51.42355,-0.8137207,grid_0083,1,17,0.058823529411764705
SEPD,REAS,9.0_SE,9.0,SE,51.38065114281637,-0.8942192655953748,51.35325,-0.97473145,grid_0073,2,17,0.11764705882352941
SEPD,REAS,9.0_S,9.0,S,51.35698047642417,-0.9859169018390922,51.35325,-0.97473145,grid_0073,2,17,0.11764705882352941
SEPD,REAS,9.0_SW,9.0,SW,51.38065114281637,-1.0776145380828095,51.35325,-1.1371765,grid_0072,1,17,0.058823529411764705
SEPD,REAS,9.0_W,9.0,W,51.437847709062446,-1.1157593196892674,51.42355,-1.1392212,grid_0081,1,17,0.058823529411764705
SEPD,REAS,9.0_NW,9.0,NW,51.49511598700853,-1.0778446193499365,51.493847,-1.1412964,grid_0090,1,17,0.058823529411764705
SEPD,SALI,center,0.0,CENTER,51.06137098993327,-1.828504162546129,51.072056,-1.7742004,grid_0044,5,17,0.29411764705882354
SEPD,SALI,4.5_N,4.5,N,51.101840462199625,-1.828504162546129,51.072056,-1.7742004,grid_0044,5,17,0.29411764705882354
SEPD,SALI,4.5_NE,4.5,NE,51.08997837742375,-1.7829440977705642,51.072056,-1.7742004,grid_0044,5,17,0.29411764705882354
SEPD,SALI,4.5_E,4.5,E,51.061353301697686,-1.7641123410148734,51.072056,-1.7742004,grid_0044,5,17,0.29411764705882354
SEPD,SALI,4.5_SE,4.5,SE,51.03274591419546,-1.7830003860439558,51.001755,-1.7710266,grid_0036,4,17,0.23529411764705882
SEPD,SALI,4.5_S,4.5,S,51.020901517666935,-1.828504162546129,51.001755,-1.7710266,grid_0036,4,17,0.23529411764705882
SEPD,SALI,4.5_SW,4.5,SW,51.03274591419546,-1.874007939048302,51.001755,-1.9320374,grid_0035,2,17,0.11764705882352941
SEPD,SALI,4.5_W,4.5,W,51.061353301697686,-1.8928959840773845,51.072056,-1.9354858,grid_0043,3,17,0.17647058823529413
SEPD,SALI,4.5_NW,4.5,NW,51.08997837742375,-1.8740642273216936,51.072056,-1.9354858,grid_0043,3,17,0.17647058823529413
SEPD,SALI,9.0_N,9.0,N,51.14230993446597,-1.828504162546129,51.142353,-1.7773743,grid_0049,2,17,0.11764705882352941
SEPD,SALI,9.0_NE,9.0,NE,51.1185680366824,-1.7373276523923464,51.142353,-1.7773743,grid_0049,2,17,0.11764705882352941
SEPD,SALI,9.0_E,9.0,E,51.06130023704027,-1.699720617892374,51.072056,-1.7742004,grid_0044,5,17,0.29411764705882354
SEPD,SALI,9.0_SE,9.0,SE,51.004103190103045,-1.7375528055420768,51.001755,-1.7710266,grid_0036,4,17,0.23529411764705882
SEPD,SALI,9.0_S,9.0,S,50.9804320454006,-1.828504162546129,51.001755,-1.7710266,grid_0036,4,17,0.23529411764705882
SEPD,SALI,9.0_SW,9.0,SW,51.004103190103045,-1.9194555195501808,51.001755,-1.9320374,grid_0035,2,17,0.11764705882352941
SEPD,SALI,9.0_W,9.0,W,51.06130023704027,-1.957287707199884,51.072056,-1.9354858,grid_0043,3,17,0.17647058823529413
SEPD,SALI,9.0_NW,9.0,NW,51.1185680366824,-1.919680672699912,51.142353,-1.9389648,grid_0048,1,17,0.058823529411764705
SEPD,SLOU,center,0.0,CENTER,51.52133155828415,-0.6054581677861982,51.493847,-0.65216064,grid_0093,5,17,0.29411764705882354
SEPD,SLOU,4.5_N,4.5,N,51.5618010305505,-0.6054581677861982,51.564144,-0.65338135,grid_0102,3,17,0.17647058823529413
SEPD,SLOU,4.5_NE,4.5,NE,51.54993879889408,-0.5594389439422616,51.564144,-0.49002075,grid_0103,2,17,0.11764705882352941
SEPD,SLOU,4.5_E,4.5,E,51.52131357665367,-0.5404180663201977,51.493847,-0.48910522,grid_0094,4,17,0.23529411764705882
SEPD,SLOU,4.5_SE,4.5,SE,51.4927063360315,-0.559496741965845,51.493847,-0.48910522,grid_0094,4,17,0.23529411764705882
SEPD,SLOU,4.5_S,4.5,S,51.480862086017815,-0.6054581677861982,51.493847,-0.65216064,grid_0093,5,17,0.29411764705882354
SEPD,SLOU,4.5_SW,4.5,SW,51.4927063360315,-0.6514195936065514,51.493847,-0.65216064,grid_0093,5,17,0.29411764705882354
SEPD,SLOU,4.5_W,4.5,W,51.52131357665367,-0.6704982692521987,51.493847,-0.65216064,grid_0093,5,17,0.29411764705882354
SEPD,SLOU,4.5_NW,4.5,NW,51.54993879889408,-0.651477391630135,51.564144,-0.65338135,grid_0102,3,17,0.17647058823529413
SEPD,SLOU,9.0_N,9.0,N,51.60227050281684,-0.6054581677861982,51.634445,-0.65457153,grid_0113,1,17,0.058823529411764705
SEPD,SLOU,9.0_NE,9.0,NE,51.57852801677786,-0.5133618264644585,51.564144,-0.49002075,grid_0103,2,17,0.11764705882352941
SEPD,SLOU,9.0_E,9.0,E,51.52125963181376,-0.4753780675785299,51.493847,-0.48910522,grid_0094,4,17,0.23529411764705882
SEPD,SLOU,9.0_SE,9.0,SE,51.46406317312423,-0.5135930186164613,51.493847,-0.48910522,grid_0094,4,17,0.23529411764705882
SEPD,SLOU,9.0_S,9.0,S,51.44039261375148,-0.6054581677861982,51.42355,-0.65097046,grid_0084,1,17,0.058823529411764705
SEPD,SLOU,9.0_SW,9.0,SW,51.46406317312423,-0.6973233169559351,51.493847,-0.65216064,grid_0093,5,17,0.29411764705882354
SEPD,SLOU,9.0_W,9.0,W,51.52125963181376,-0.7355382679938665,51.493847,-0.81521606,grid_0092,1,17,0.058823529411764705
SEPD,SLOU,9.0_NW,9.0,NW,51.57852801677786,-0.6975545091079379,51.564144,-0.65338135,grid_0102,3,17,0.17647058823529413
SEPD,SOTN,center,0.0,CENTER,50.92341416129426,-1.3731452330836131,50.931458,-1.4464417,grid_0026,5,17,0.29411764705882354
SEPD,SOTN,4.5_N,4.5,N,50.9638836335606,-1.3731452330836134,50.931458,-1.4464417,grid_0026,5,17,0.29411764705882354
SEPD,SOTN,4.5_NE,4.5,NE,50.95202159227016,-1.3277205362052176,50.931458,-1.2857056,grid_0027,3,17,0.17647058823529413
SEPD,SOTN,4.5_E,4.5,E,50.92339655992228,-1.3089445372169988,50.931458,-1.2857056,grid_0027,3,17,0.17647058823529413
SEPD,SOTN,4.5_SE,4.5,SE,50.89478912893476,-1.3277763818046553,50.861156,-1.2834167,grid_0018,2,17,0.11764705882352941
SEPD,SOTN,4.5_S,4.5,S,50.88294468902792,-1.3731452330836134,50.861156,-1.4438477,grid_0017,4,17,0.23529411764705882
SEPD,SOTN,4.5_SW,4.5,SW,50.89478912893476,-1.4185140843625712,50.861156,-1.4438477,grid_0017,4,17,0.23529411764705882
SEPD,SOTN,4.5_W,4.5,W,50.92339655992228,-1.4373459289502275,50.931458,-1.4464417,grid_0026,5,17,0.29411764705882354
SEPD,SOTN,4.5_NW,4.5,NW,50.95202159227016,-1.418569929962009,50.931458,-1.4464417,grid_0026,5,17,0.29411764705882354
SEPD,SOTN,9.0_N,9.0,N,51.004353105826944,-1.3731452330836134,51.001755,-1.4490356,grid_0038,2,17,0.11764705882352941
SEPD,SOTN,9.0_NE,9.0,NE,50.98061138219989,-1.2822399023520497,51.001755,-1.2880249,grid_0039,1,17,0.058823529411764705
SEPD,SOTN,9.0_E,9.0,E,50.923343755855086,-1.2447439385057502,50.931458,-1.2857056,grid_0027,3,17,0.17647058823529413
SEPD,SOTN,9.0_SE,9.0,SE,50.86614653476359,-1.2824632848055215,50.861156,-1.2834167,grid_0018,2,17,0.11764705882352941
SEPD,SOTN,9.0_S,9.0,S,50.84247521676157,-1.3731452330836134,50.861156,-1.4438477,grid_0017,4,17,0.23529411764705882
SEPD,SOTN,9.0_SW,9.0,SW,50.86614653476359,-1.4638271813617048,50.861156,-1.4438477,grid_0017,4,17,0.23529411764705882
SEPD,SOTN,9.0_W,9.0,W,50.923343755855086,-1.5015465276614766,50.931458,-1.4464417,grid_0026,5,17,0.29411764705882354
SEPD,SOTN,9.0_NW,9.0,NW,50.98061138219989,-1.464050563815177,51.001755,-1.4490356,grid_0038,2,17,0.11764705882352941
SEPD,SWIN,center,0.0,CENTER,51.60041700981059,-1.816640514929403,51.634445,-1.8000183,grid_0106,5,17,0.29411764705882354
SEPD,SWIN,4.5_N,4.5,N,51.64088648207693,-1.816640514929403,51.634445,-1.8000183,grid_0106,5,17,0.29411764705882354
SEPD,SWIN,4.5_NE,4.5,NE,51.6290242248667,-1.770541108700651,51.634445,-1.8000183,grid_0106,5,17,0.29411764705882354
SEPD,SWIN,4.5_E,4.5,E,51.600398977136784,-1.7514872060630455,51.564144,-1.7967529,grid_0098,5,17,0.29411764705882354
SEPD,SWIN,4.5_SE,4.5,SE,51.57179176206835,-1.7705991716795295,51.564144,-1.7967529,grid_0098,5,17,0.29411764705882354
SEPD,SWIN,4.5_S,4.5,S,51.55994753754424,-1.816640514929403,51.564144,-1.7967529,grid_0098,5,17,0.29411764705882354
SEPD,SWIN,4.5_SW,4.5,SW,51.57179176206835,-1.8626818581792768,51.564144,-1.7967529,grid_0098,5,17,0.29411764705882354
SEPD,SWIN,4.5_W,4.5,W,51.600398977136784,-1.8817938237957608,51.564144,-1.960083,grid_0097,2,17,0.11764705882352941
SEPD,SWIN,4.5_NW,4.5,NW,51.6290242248667,-1.862739921158155,51.634445,-1.8000183,grid_0106,5,17,0.29411764705882354
SEPD,SWIN,9.0_N,9.0,N,51.68135595434327,-1.816640514929403,51.704742,-1.8032837,grid_0114,1,17,0.058823529411764705
SEPD,SWIN,9.0_NE,9.0,NE,51.65761336596022,-1.7243835433025545,51.634445,-1.8000183,grid_0106,5,17,0.29411764705882354
SEPD,SWIN,9.0_E,9.0,E,51.60034487916735,-1.686334000684858,51.634445,-1.636383,grid_0107,1,17,0.058823529411764705
SEPD,SWIN,9.0_SE,9.0,SE,51.54314852282051,-1.724615795276002,51.564144,-1.7967529,grid_0098,5,17,0.29411764705882354
SEPD,SWIN,9.0_S,9.0,S,51.51947806527791,-1.816640514929403,51.493847,-1.793457,grid_0087,1,17,0.058823529411764705
SEPD,SWIN,9.0_SW,9.0,SW,51.54314852282051,-1.908665234582804,51.564144,-1.960083,grid_0097,2,17,0.11764705882352941
SEPD,SWIN,9.0_W,9.0,W,51.60034487916735,-1.946947029173948,51.634445,-1.9636536,grid_0105,2,17,0.11764705882352941
SEPD,SWIN,9.0_NW,9.0,NW,51.65761336596022,-1.908897486556252,51.634445,-1.9636536,grid_0105,2,17,0.11764705882352941
SEPD,WLON,center,0.0,CENTER,51.514709080395725,-0.3453018988004576,51.493847,-0.32608032,grid_0095,5,17,0.29411764705882354
SEPD,WLON,4.5_N,4.5,N,51.55517855266206,-0.3453018988004576,51.564144,-0.32669067,grid_0104,5,17,0.29411764705882354
SEPD,WLON,4.5_NE,4.5,NE,51.54331632314145,-0.2992893726600145,51.564144,-0.32669067,grid_0104,5,17,0.29411764705882354
SEPD,WLON,4.5_E,4.5,E,51.51469110303147,-0.280271253658414,51.493847,-0.32608032,grid_0095,5,17,0.29411764705882354
SEPD,WLON,4.5_SE,4.5,SE,51.48608386027352,-0.2993471485693255,51.493847,-0.32608032,grid_0095,5,17,0.29411764705882354
SEPD,WLON,4.5_S,4.5,S,51.47423960812939,-0.3453018988004576,51.493847,-0.32608032,grid_0095,5,17,0.29411764705882354
SEPD,WLON,4.5_SW,4.5,SW,51.48608386027352,-0.3912566490315897,51.493847,-0.32608032,grid_0095,5,17,0.29411764705882354
SEPD,WLON,4.5_W,4.5,W,51.51469110303147,-0.4103325439425012,51.493847,-0.48910522,grid_0094,2,17,0.11764705882352941
SEPD,WLON,4.5_NW,4.5,NW,51.54331632314145,-0.3913144249409007,51.564144,-0.32669067,grid_0104,5,17,0.29411764705882354
SEPD,WLON,9.0_N,9.0,N,51.59564802492842,-0.3453018988004576,51.564144,-0.32669067,grid_0104,5,17,0.29411764705882354
SEPD,WLON,9.0_NE,9.0,NE,51.57190554744339,-0.253218975048343,51.564144,-0.32669067,grid_0104,5,17,0.29411764705882354
SEPD,WLON,9.0_E,9.0,E,51.51463717099024,-0.2152407111770371,51.493847,-0.1630249,grid_0096,1,17,0.058823529411764705
SEPD,WLON,9.0_SE,9.0,SE,51.45744070374687,-0.253450078743234,51.42355,-0.32546997,grid_0086,2,17,0.11764705882352941
SEPD,WLON,9.0_S,9.0,S,51.43377013586304,-0.3453018988004576,51.42355,-0.32546997,grid_0086,2,17,0.11764705882352941
SEPD,WLON,9.0_SW,9.0,SW,51.45744070374687,-0.4371537188576812,51.42355,-0.4882202,grid_0085,1,17,0.058823529411764705
SEPD,WLON,9.0_W,9.0,W,51.51463717099024,-0.4753630864238781,51.493847,-0.48910522,grid_0094,2,17,0.11764705882352941
SEPD,WLON,9.0_NW,9.0,NW,51.57190554744339,-0.4373848225525721,51.564144,-0.49002075,grid_0103,1,17,0.058823529411764705
SEPD,YEOV,center,0.0,CENTER,50.9685543640061,-2.4604515224502483,51.001755,-2.415039,grid_0033,5,17,0.29411764705882354
SEPD,YEOV,4.5_N,4.5,N,51.00902383627244,-2.4604515224502483,51.001755,-2.415039,grid_0033,5,17,0.29411764705882354
SEPD,YEOV,4.5_NE,4.5,NE,50.99716178078181,-2.414982650114891,51.001755,-2.415039,grid_0033,5,17,0.29411764705882354
SEPD,YEOV,4.5_E,4.5,E,50.968536734268696,-2.396188455257993,51.001755,-2.415039,grid_0033,5,17,0.29411764705882354
SEPD,YEOV,4.5_SE,4.5,SE,50.93992931748132,-2.415038640053921,50.931458,-2.4107056,grid_0024,3,17,0.17647058823529413
SEPD,YEOV,4.5_S,4.5,S,50.92808489173976,-2.4604515224502483,50.931458,-2.4107056,grid_0024,3,17,0.17647058823529413
SEPD,YEOV,4.5_SW,4.5,SW,50.93992931748132,-2.505864404846576,50.931458,-2.5714417,grid_0023,3,17,0.17647058823529413
SEPD,YEOV,4.5_W,4.5,W,50.968536734268696,-2.524714589642503,50.931458,-2.5714417,grid_0023,3,17,0.17647058823529413
SEPD,YEOV,4.5_NW,4.5,NW,50.99716178078181,-2.505920394785606,51.001755,-2.5760193,grid_0032,3,17,0.17647058823529413
SEPD,YEOV,9.0_N,9.0,N,51.04949330853878,-2.4604515224502483,51.072056,-2.4193726,grid_0042,1,17,0.058823529411764705
SEPD,YEOV,9.0_NE,9.0,NE,51.02575152804092,-2.369457696154534,51.001755,-2.415039,grid_0033,5,17,0.29411764705882354
SEPD,YEOV,9.0_E,9.0,E,50.96848384510543,-2.3319254856291884,51.001755,-2.2540283,grid_0034,1,17,0.058823529411764705
SEPD,YEOV,9.0_SE,9.0,SE,50.911286680884,-2.3696816559665206,50.931458,-2.4107056,grid_0024,3,17,0.17647058823529413
SEPD,YEOV,9.0_S,9.0,S,50.88761541947341,-2.4604515224502483,50.861156,-2.4064026,grid_0015,1,17,0.058823529411764705
SEPD,YEOV,9.0_SW,9.0,SW,50.911286680884,-2.5512213889339765,50.931458,-2.5714417,grid_0023,3,17,0.17647058823529413
SEPD,YEOV,9.0_W,9.0,W,50.96848384510543,-2.588977559271308,51.001755,-2.5760193,grid_0032,3,17,0.17647058823529413
SEPD,YEOV,9.0_NW,9.0,NW,51.02575152804092,-2.5514453487459625,51.001755,-2.5760193,grid_0032,3,17,0.17647058823529413
SHEPD,ARGYLL,center,0.0,CENTER,56.43545335248897,-5.531816835598515,56.41476,-5.414917,grid_0128,10,17,0.5882352941176471
SHEPD,ARGYLL,4.5_N,4.5,N,56.47592282475532,-5.531816835598515,56.55536,-5.625,grid_0133,4,17,0.23529411764705882
SHEPD,ARGYLL,4.5_NE,4.5,NE,56.46405881117524,-5.480018983236128,56.41476,-5.414917,grid_0128,10,17,0.5882352941176471
SHEPD,ARGYLL,4.5_E,4.5,E,56.43543181193351,-5.458618770745918,56.41476,-5.414917,grid_0128,10,17,0.5882352941176471
SHEPD,ARGYLL,4.5_SE,4.5,SE,56.40682635322795,-5.480096905093094,56.41476,-5.414917,grid_0128,10,17,0.5882352941176471
SHEPD,ARGYLL,4.5_S,4.5,S,56.39498388022263,-5.531816835598515,56.41476,-5.414917,grid_0128,10,17,0.5882352941176471
SHEPD,ARGYLL,4.5_SW,4.5,SW,56.40682635322795,-5.583536766103936,56.41476,-5.414917,grid_0128,10,17,0.5882352941176471
SHEPD,ARGYLL,4.5_W,4.5,W,56.43543181193351,-5.6050149004511125,56.41476,-5.414917,grid_0128,10,17,0.5882352941176471
SHEPD,ARGYLL,4.5_NW,4.5,NW,56.46405881117524,-5.583614687960903,56.55536,-5.625,grid_0133,4,17,0.23529411764705882
SHEPD,ARGYLL,9.0_N,9.0,N,56.51639229702165,-5.531816835598515,56.55536,-5.625,grid_0133,4,17,0.23529411764705882
SHEPD,ARGYLL,9.0_NE,9.0,NE,56.49264267343143,-5.428143065846416,56.41476,-5.414917,grid_0128,10,17,0.5882352941176471
SHEPD,ARGYLL,9.0_E,9.0,E,56.43536719035109,-5.385420871793576,56.41476,-5.414917,grid_0128,10,17,0.5882352941176471
SHEPD,ARGYLL,9.0_SE,9.0,SE,56.37817786910004,-5.428454753352032,56.41476,-5.414917,grid_0128,10,17,0.5882352941176471
SHEPD,ARGYLL,9.0_S,9.0,S,56.35451440795627,-5.531816835598515,56.274162,-5.5785217,grid_0126,2,17,0.11764705882352941
SHEPD,ARGYLL,9.0_SW,9.0,SW,56.37817786910004,-5.635178917844998,56.274162,-5.5785217,grid_0126,2,17,0.11764705882352941
SHEPD,ARGYLL,9.0_W,9.0,W,56.43536719035109,-5.678212799403454,56.41476,-5.7883606,grid_0127,1,17,0.058823529411764705
SHEPD,ARGYLL,9.0_NW,9.0,NW,56.49264267343143,-5.635490605350614,56.55536,-5.625,grid_0133,4,17,0.23529411764705882
SHEPD,HIGH,center,0.0,CENTER,57.65475562272339,-4.155874927381408,57.60984,-4.258087,grid_0143,5,17,0.29411764705882354
SHEPD,HIGH,4.5_N,4.5,N,57.69522509498975,-4.155874927381408,57.75044,-4.082062,grid_0145,6,17,0.35294117647058826
SHEPD,HIGH,4.5_NE,4.5,NE,57.683360566536265,-4.1023463869384775,57.75044,-4.082062,grid_0145,6,17,0.35294117647058826
SHEPD,HIGH,4.5_E,4.5,E,57.6547330540084,-4.080233864280059,57.75044,-4.082062,grid_0145,6,17,0.35294117647058826
SHEPD,HIGH,4.5_SE,4.5,SE,57.626128110173774,-4.102430752903777,57.539543,-4.0558167,grid_0142,3,17,0.17647058823529413
SHEPD,HIGH,4.5_S,4.5,S,57.61428615045705,-4.155874927381408,57.60984,-4.258087,grid_0143,5,17,0.29411764705882354
SHEPD,HIGH,4.5_SW,4.5,SW,57.626128110173774,-4.209319101859038,57.60984,-4.258087,grid_0143,5,17,0.29411764705882354
SHEPD,HIGH,4.5_W,4.5,W,57.6547330540084,-4.231515990482757,57.680138,-4.2672424,grid_0144,3,17,0.17647058823529413
SHEPD,HIGH,4.5_NW,4.5,NW,57.683360566536265,-4.209403467824338,57.680138,-4.2672424,grid_0144,3,17,0.17647058823529413
SHEPD,HIGH,9.0_N,9.0,N,57.73569456725608,-4.155874927381408,57.75044,-4.082062,grid_0145,6,17,0.35294117647058826
SHEPD,HIGH,9.0_NE,9.0,NE,57.71194288099343,-4.048733320731082,57.75044,-4.082062,grid_0145,6,17,0.35294117647058826
SHEPD,HIGH,9.0_E,9.0,E,57.654665347958925,-4.004592989372306,57.75044,-4.082062,grid_0145,6,17,0.35294117647058826
SHEPD,HIGH,9.0_SE,9.0,SE,57.59747808934059,-4.049070784676454,57.539543,-4.0558167,grid_0142,3,17,0.17647058823529413
SHEPD,HIGH,9.0_S,9.0,S,57.57381667819072,-4.155874927381408,57.539543,-4.0558167,grid_0142,3,17,0.17647058823529413
SHEPD,HIGH,9.0_SW,9.0,SW,57.59747808934059,-4.262679070086362,57.60984,-4.258087,grid_0143,5,17,0.29411764705882354
SHEPD,HIGH,9.0_W,9.0,W,57.654665347958925,-4.3071568653905095,57.60984,-4.258087,grid_0143,5,17,0.29411764705882354
SHEPD,HIGH,9.0_NW,9.0,NW,57.71194288099343,-4.263016534031734,57.680138,-4.2672424,grid_0144,3,17,0.17647058823529413
SHEPD,N/EAST,center,0.0,CENTER,57.39722498864769,-2.4212709775666856,57.398945,-2.5,grid_0138,6,17,0.35294117647058826
SHEPD,N/EAST,4.5_N,4.5,N,57.437694460914045,-2.4212709775666856,57.398945,-2.5,grid_0138,6,17,0.35294117647058826
SHEPD,N/EAST,4.5_NE,4.5,NE,57.42583004405753,-2.3681195627531784,57.398945,-2.3076782,grid_0139,4,17,0.23529411764705882
SHEPD,N/EAST,4.5_E,4.5,E,57.39720264277632,-2.3461622442070094,57.398945,-2.3076782,grid_0139,4,17,0.23529411764705882
SHEPD,N/EAST,4.5_SE,4.5,SE,57.36859758734529,-2.3682025078179394,57.398945,-2.3076782,grid_0139,4,17,0.23529411764705882
SHEPD,N/EAST,4.5_S,4.5,S,57.35675551638136,-2.4212709775666856,57.328644,-2.4946594,grid_0136,3,17,0.17647058823529413
SHEPD,N/EAST,4.5_SW,4.5,SW,57.36859758734529,-2.4743394473154314,57.398945,-2.5,grid_0138,6,17,0.35294117647058826
SHEPD,N/EAST,4.5_W,4.5,W,57.39720264277632,-2.496379710926362,57.398945,-2.5,grid_0138,6,17,0.35294117647058826
SHEPD,N/EAST,4.5_NW,4.5,NW,57.42583004405753,-2.474422392380193,57.398945,-2.5,grid_0138,6,17,0.35294117647058826
SHEPD,N/EAST,9.0_N,9.0,N,57.47816393318038,-2.4212709775666856,57.469242,-2.5053406,grid_0140,2,17,0.11764705882352941
SHEPD,N/EAST,9.0_NE,9.0,NE,57.45441269400716,-2.314885046797297,57.469242,-2.312622,grid_0141,1,17,0.058823529411764705
SHEPD,N/EAST,9.0_E,9.0,E,57.39713560525505,-2.271053694044437,57.398945,-2.3076782,grid_0139,4,17,0.23529411764705882
SHEPD,N/EAST,9.0_SE,9.0,SE,57.33994789955618,-2.3152168271391007,57.328644,-2.302765,grid_0137,1,17,0.058823529411764705
SHEPD,N/EAST,9.0_S,9.0,S,57.31628604411501,-2.4212709775666856,57.328644,-2.4946594,grid_0136,3,17,0.17647058823529413
SHEPD,N/EAST,9.0_SW,9.0,SW,57.33994789955618,-2.52732512799427,57.328644,-2.4946594,grid_0136,3,17,0.17647058823529413
SHEPD,N/EAST,9.0_W,9.0,W,57.39713560525505,-2.5714882610889336,57.398945,-2.5,grid_0138,6,17,0.35294117647058826
SHEPD,N/EAST,9.0_NW,9.0,NW,57.45441269400716,-2.5276569083360747,57.469242,-2.5053406,grid_0140,2,17,0.11764705882352941
SHEPD,ORKN,center,0.0,CENTER,59.01753203437432,-2.986647378592165,59.086113,-3.0405579,grid_0153,9,17,0.5294117647058824
SHEPD,ORKN,4.5_N,4.5,N,59.05800150664066,-2.986647378592165,59.086113,-3.0405579,grid_0153,9,17,0.5294117647058824
SHEPD,ORKN,4.5_NE,4.5,NE,59.04613636010027,-2.931011393547633,59.086113,-3.0405579,grid_0153,9,17,0.5294117647058824
SHEPD,ORKN,4.5_E,4.5,E,59.01750823148871,-2.9080316853631847,58.94552,-2.8251343,grid_0151,6,17,0.35294117647058826
SHEPD,ORKN,4.5_SE,4.5,SE,58.98890390573772,-2.9311038722478755,58.94552,-2.8251343,grid_0151,6,17,0.35294117647058826
SHEPD,ORKN,4.5_S,4.5,S,58.97706256210798,-2.986647378592165,58.94552,-2.8251343,grid_0151,6,17,0.35294117647058826
SHEPD,ORKN,4.5_SW,4.5,SW,58.98890390573772,-3.042190884936454,59.086113,-3.0405579,grid_0153,9,17,0.5294117647058824
SHEPD,ORKN,4.5_W,4.5,W,59.01750823148871,-3.0652630718211453,59.086113,-3.0405579,grid_0153,9,17,0.5294117647058824
SHEPD,ORKN,4.5_NW,4.5,NW,59.04613636010027,-3.042283363636697,59.086113,-3.0405579,grid_0153,9,17,0.5294117647058824
SHEPD,ORKN,9.0_N,9.0,N,59.098470978907,-2.986647378592165,59.086113,-3.0405579,grid_0153,9,17,0.5294117647058824
SHEPD,ORKN,9.0_NE,9.0,NE,59.074716816284806,-2.875282748177001,59.086113,-3.0405579,grid_0153,9,17,0.5294117647058824
SHEPD,ORKN,9.0_E,9.0,E,59.01743682294255,-2.829416209705646,58.94552,-2.8251343,grid_0151,6,17,0.35294117647058826
SHEPD,ORKN,9.0_SE,9.0,SE,58.960252040631445,-2.875652663070241,58.94552,-2.8251343,grid_0151,6,17,0.35294117647058826
SHEPD,ORKN,9.0_S,9.0,S,58.93659308984164,-2.986647378592165,58.94552,-2.8251343,grid_0151,6,17,0.35294117647058826
SHEPD,ORKN,9.0_SW,9.0,SW,58.960252040631445,-3.097642094114088,58.94552,-3.2286987,grid_0150,1,17,0.058823529411764705
SHEPD,ORKN,9.0_W,9.0,W,59.01743682294255,-3.143878547478684,59.015816,-3.235962,grid_0152,1,17,0.058823529411764705
SHEPD,ORKN,9.0_NW,9.0,NW,59.074716816284806,-3.098012009007329,59.086113,-3.0405579,grid_0153,9,17,0.5294117647058824
SHEPD,SHET,center,0.0,CENTER,60.268379232286335,-1.26357260863052,60.281193,-1.2646484,grid_0157,7,17,0.4117647058823529
SHEPD,SHET,4.5_N,4.5,N,60.30884870455268,-1.26357260863052,60.281193,-1.2646484,grid_0157,7,17,0.4117647058823529
SHEPD,SHET,4.5_NE,4.5,NE,60.296982945922245,-1.2058208706234923,60.281193,-1.2646484,grid_0157,7,17,0.4117647058823529
SHEPD,SHET,4.5_E,4.5,E,60.26835420730948,-1.18197076858254,60.281193,-1.2646484,grid_0157,7,17,0.4117647058823529
SHEPD,SHET,4.5_SE,4.5,SE,60.23975049364496,-1.2059217904586503,60.210896,-1.2616882,grid_0155,5,17,0.29411764705882354
SHEPD,SHET,4.5_S,4.5,S,60.22790976001998,-1.26357260863052,60.210896,-1.2616882,grid_0155,5,17,0.29411764705882354
SHEPD,SHET,4.5_SW,4.5,SW,60.23975049364496,-1.3212234268023892,60.210896,-1.2616882,grid_0155,5,17,0.29411764705882354
SHEPD,SHET,4.5_W,4.5,W,60.26835420730948,-1.3451744486784998,60.281193,-1.2646484,grid_0157,7,17,0.4117647058823529
SHEPD,SHET,4.5_NW,4.5,NW,60.296982945922245,-1.3213243466375473,60.281193,-1.2646484,grid_0157,7,17,0.4117647058823529
SHEPD,SHET,9.0_N,9.0,N,60.34931817681901,-1.26357260863052,60.351494,-1.2676086,grid_0159,2,17,0.11764705882352941
SHEPD,SHET,9.0_NE,9.0,NE,60.32556156165308,-1.1479680074355547,60.351494,-1.2676086,grid_0159,2,17,0.11764705882352941
SHEPD,SHET,9.0_E,9.0,E,60.26827913250623,-1.1003691781552651,60.281193,-1.2646484,grid_0157,7,17,0.4117647058823529
SHEPD,SHET,9.0_SE,9.0,SE,60.211096802681794,-1.148371686876878,60.210896,-1.2616882,grid_0155,5,17,0.29411764705882354
SHEPD,SHET,9.0_S,9.0,S,60.18744028775364,-1.26357260863052,60.210896,-1.2616882,grid_0155,5,17,0.29411764705882354
SHEPD,SHET,9.0_SW,9.0,SW,60.211096802681794,-1.378773530384162,60.210896,-1.4719543,grid_0154,1,17,0.058823529411764705
SHEPD,SHET,9.0_W,9.0,W,60.26827913250623,-1.4267760391057744,60.281193,-1.4754333,grid_0156,1,17,0.058823529411764705
SHEPD,SHET,9.0_NW,9.0,NW,60.32556156165308,-1.3791772098254849,60.351494,-1.4788818,grid_0158,1,17,0.058823529411764705
SHEPD,TAYCEN,center,0.0,CENTER,56.50665202384254,-3.3418971319954527,56.48506,-3.367981,grid_0131,6,17,0.35294117647058826
SHEPD,TAYCEN,4.5_N,4.5,N,56.547121496108886,-3.3418971319954527,56.55536,-3.375,grid_0134,5,17,0.29411764705882354
SHEPD,TAYCEN,4.5_NE,4.5,NE,56.53525745337904,-3.290001942099624,56.55536,-3.375,grid_0134,5,17,0.29411764705882354
SHEPD,TAYCEN,4.5_E,4.5,E,56.5066304250754,-3.268561664107386,56.48506,-3.1808777,grid_0132,3,17,0.17647058823529413
SHEPD,TAYCEN,4.5_SE,4.5,SE,56.47802499551949,-3.290080221200179,56.48506,-3.367981,grid_0131,6,17,0.35294117647058826
SHEPD,TAYCEN,4.5_S,4.5,S,56.4661825515762,-3.3418971319954527,56.48506,-3.367981,grid_0131,6,17,0.35294117647058826
SHEPD,TAYCEN,4.5_SW,4.5,SW,56.47802499551949,-3.393714042790726,56.48506,-3.367981,grid_0131,6,17,0.35294117647058826
SHEPD,TAYCEN,4.5_W,4.5,W,56.5066304250754,-3.41523259988352,56.48506,-3.367981,grid_0131,6,17,0.35294117647058826
SHEPD,TAYCEN,4.5_NW,4.5,NW,56.53525745337904,-3.393792321891282,56.55536,-3.375,grid_0134,5,17,0.29411764705882354
SHEPD,TAYCEN,9.0_N,9.0,N,56.58759096837522,-3.3418971319954527,56.55536,-3.375,grid_0134,5,17,0.29411764705882354
SHEPD,TAYCEN,9.0_NE,9.0,NE,56.56384122800985,-3.238028329027941,56.55536,-3.1875,grid_0135,1,17,0.058823529411764705
SHEPD,TAYCEN,9.0_E,9.0,E,56.50656562885857,-3.195226363330552,56.48506,-3.1808777,grid_0132,3,17,0.17647058823529413
SHEPD,TAYCEN,9.0_SE,9.0,SE,56.44937642438051,-3.238341445508269,56.48506,-3.1808777,grid_0132,3,17,0.17647058823529413
SHEPD,TAYCEN,9.0_S,9.0,S,56.42571307930985,-3.3418971319954527,56.41476,-3.3609924,grid_0129,1,17,0.058823529411764705
SHEPD,TAYCEN,9.0_SW,9.0,SW,56.44937642438051,-3.4454528184826363,56.48506,-3.367981,grid_0131,6,17,0.35294117647058826
SHEPD,TAYCEN,9.0_W,9.0,W,56.50656562885857,-3.488567900660353,56.48506,-3.5550842,grid_0130,1,17,0.058823529411764705
SHEPD,TAYCEN,9.0_NW,9.0,NW,56.56384122800985,-3.445765934962965,56.55536,-3.375,grid_0134,5,17,0.29411764705882354
SHEPD,WISLES,center,0.0,CENTER,57.84408834769124,-6.933552485096519,57.820736,-7.0130005,grid_0146,10,17,0.5882352941176471
SHEPD,WISLES,4.5_N,4.5,N,57.88455781995757,-6.933552485096519,57.820736,-7.0130005,grid_0146,10,17,0.5882352941176471
SHEPD,WISLES,4.5_NE,4.5,NE,57.872693208443046,-6.879742558575212,57.891037,-6.832947,grid_0148,2,17,0.11764705882352941
SHEPD,WISLES,4.5_E,4.5,E,57.84406561311715,-6.85751423724385,57.820736,-6.8181763,grid_0147,4,17,0.23529411764705882
SHEPD,WISLES,4.5_SE,4.5,SE,57.81546075234316,-6.879827990807018,57.820736,-6.8181763,grid_0147,4,17,0.23529411764705882
SHEPD,WISLES,4.5_S,4.5,S,57.8036188754249,-6.933552485096519,57.820736,-7.0130005,grid_0146,10,17,0.5882352941176471
SHEPD,WISLES,4.5_SW,4.5,SW,57.81546075234316,-6.98727697938602,57.820736,-7.0130005,grid_0146,10,17,0.5882352941176471
SHEPD,WISLES,4.5_W,4.5,W,57.84406561311715,-7.009590732949189,57.820736,-7.0130005,grid_0146,10,17,0.5882352941176471
SHEPD,WISLES,4.5_NW,4.5,NW,57.872693208443046,-6.987362411617826,57.820736,-7.0130005,grid_0146,10,17,0.5882352941176471
SHEPD,WISLES,9.0_N,9.0,N,57.92502729222392,-6.933552485096519,57.961334,-6.8478394,grid_0149,1,17,0.058823529411764705
SHEPD,WISLES,9.0_NE,9.0,NE,57.90127527319037,-6.8258470372101145,57.891037,-6.832947,grid_0148,2,17,0.11764705882352941
SHEPD,WISLES,9.0_E,9.0,E,57.84399740949234,-6.7814761813637965,57.820736,-6.8181763,grid_0147,4,17,0.23529411764705882
SHEPD,WISLES,9.0_SE,9.0,SE,57.78681048363815,-6.826188766222578,57.820736,-6.8181763,grid_0147,4,17,0.23529411764705882
SHEPD,WISLES,9.0_S,9.0,S,57.763149403158565,-6.933552485096519,57.820736,-7.0130005,grid_0146,10,17,0.5882352941176471
SHEPD,WISLES,9.0_SW,9.0,SW,57.78681048363815,-7.04091620397046,57.820736,-7.0130005,grid_0146,10,17,0.5882352941176471
SHEPD,WISLES,9.0_W,9.0,W,57.84399740949234,-7.085628788829242,57.820736,-7.0130005,grid_0146,10,17,0.5882352941176471
SHEPD,WISLES,9.0_NW,9.0,NW,57.90127527319037,-7.041257932982924,57.820736,-7.0130005,grid_0146,10,17,0.5882352941176471
